Isolate,BioSample,Assembly,amoxicillin-clavulanic acid,cefepime,cefoxitin,ceftazidime,ceftriaxone,ciprofloxacin,gentamicin,levofloxacin,piperacillin-tazobactam,tetracycline,tobramycin,trimethoprim-sulfamethoxazole
PDT001830415.1,SAMN36726481,GCA_032338655.1,S,S,S,S,R,R,R,R,S,S,I,R
PDT001830416.1,SAMN36726480,GCA_032338575.1,S,S,S,S,R,R,S,R,S,R,S,R
PDT001830417.1,SAMN36726479,GCA_032338615.1,I,S,R,I,R,R,R,R,S,R,R,S
PDT001830420.1,SAMN36726477,GCA_032338555.1,I,S,R,R,R,R,R,R,S,S,R,S
PDT001830421.1,SAMN36726476,GCA_032338535.1,S,S,S,S,S,S,S,S,S,S,S,S
PDT001830424.1,SAMN36726473,GCA_032338475.1,S,S,R,R,R,S,S,S,S,I,S,S
PDT001830429.1,SAMN36726468,GCA_032338435.1,S,S,S,S,R,R,S,R,S,S,S,S
PDT001830434.1,SAMN36726462,GCA_032338275.1,S,S,S,S,R,R,S,R,S,R,S,R
PDT001830435.1,SAMN36726461,GCA_032338295.1,S,S,S,S,R,R,S,R,S,S,S,S
PDT001830439.1,SAMN36726432,GCA_032338355.1,S,S,S,S,R,S,S,I,S,S,S,S
PDT001830440.1,SAMN36726430,GCA_032338315.1,S,R,S,S,R,R,R,R,S,R,R,R
PDT001830445.1,SAMN36726426,GCA_032338255.1,S,S,S,S,R,S,S,S,S,S,S,S
PDT001830447.1,SAMN36726424,GCA_032338195.1,S,S,S,S,R,R,R,R,S,S,R,S
PDT001830449.1,SAMN36726422,GCA_032338235.1,S,S,S,S,R,R,S,R,S,S,S,S
PDT001830450.1,SAMN36726421,GCA_032338175.1,R,S,R,R,R,S,S,S,R,S,S,S
PDT001830452.1,SAMN36726419,GCA_032338155.1,I,S,R,S,R,I,S,I,R,S,S,S
PDT001830454.1,SAMN36726418,GCA_032338135.1,R,R,R,R,R,R,S,R,I,R,S,R
PDT001830455.1,SAMN36726417,GCA_032338115.1,R,S,R,R,R,S,S,S,I,R,S,S
PDT001830457.1,SAMN36726415,GCA_032338095.1,S,S,R,S,S,S,S,I,R,R,S,S
PDT001830459.3,SAMN36726413,GCA_033200695.1,S,S,S,R,R,R,S,R,S,S,S,R
PDT001830460.1,SAMN36726412,GCA_032338075.1,I,S,R,R,R,R,S,R,S,R,R,R
PDT001830461.1,SAMN36726411,GCA_032338055.1,S,S,S,S,R,R,S,R,S,R,S,R
PDT001830465.1,SAMN36726458,GCA_032338015.1,S,R,S,R,R,R,S,R,S,R,S,R
PDT001830467.1,SAMN36726456,GCA_032337955.1,S,S,S,S,R,R,S,I,S,R,S,R
PDT001830468.1,SAMN36726455,GCA_032337995.1,S,S,S,S,R,S,S,S,S,R,S,S
PDT001830469.1,SAMN36726454,GCA_032337935.1,R,R,R,R,R,R,R,R,R,R,I,R
PDT001830473.1,SAMN36726450,GCA_032337915.1,S,S,S,R,R,S,S,S,S,R,S,S
PDT001830475.1,SAMN36726404,GCA_032337835.1,R,S,R,R,R,S,S,S,S,S,S,S
PDT001830477.1,SAMN36726447,GCA_032337755.1,S,S,I,R,R,R,S,R,S,S,S,S
PDT001830480.1,SAMN36726444,GCA_032337855.1,S,S,I,S,R,S,S,S,S,S,S,S
PDT001830485.1,SAMN36726439,GCA_032337715.1,I,S,R,R,R,R,R,R,S,S,R,S
PDT001830486.1,SAMN36726403,GCA_032337735.1,I,S,S,S,R,R,R,R,S,R,R,R
PDT001830488.1,SAMN36726437,GCA_032337875.1,S,S,S,S,R,R,R,R,S,S,R,S
PDT001830489.1,SAMN36726436,GCA_032337655.1,S,S,S,S,R,S,S,I,S,S,S,S
PDT001830492.1,SAMN36726399,GCA_032337635.1,I,R,S,R,R,R,S,R,S,R,S,R
PDT001830497.1,SAMN36726624,GCA_032337535.1,S,S,I,R,R,R,S,R,S,R,S,S
PDT001830498.1,SAMN36726701,GCA_032337575.1,S,S,S,S,R,R,S,R,S,R,S,R
PDT001830501.1,SAMN36726698,GCA_032337095.1,S,S,S,S,R,S,S,I,S,R,S,R
PDT001830502.1,SAMN36726697,GCA_032337055.1,I,R,S,R,R,I,S,I,S,R,S,R
PDT001830503.1,SAMN36726696,GCA_032337015.1,S,S,S,S,R,S,S,I,S,S,S,R
PDT001830504.1,SAMN36726695,GCA_032336995.1,R,S,S,S,R,R,S,R,R,S,S,R
PDT001830505.1,SAMN36726623,GCA_032336975.1,R,S,R,R,R,R,S,R,S,R,S,R
PDT001830506.1,SAMN36726694,GCA_032336905.1,R,S,R,R,R,R,S,R,S,S,S,S
PDT001830507.1,SAMN36726693,GCA_032336875.1,S,S,S,R,R,I,S,I,S,S,S,R
PDT001830509.1,SAMN36726691,GCA_032336795.1,S,S,I,R,R,R,S,R,S,R,S,R
PDT001830510.1,SAMN36726690,GCA_032336775.1,S,S,S,S,S,S,S,S,S,S,S,S
PDT001830512.1,SAMN36726688,GCA_032336715.1,S,S,S,S,R,I,R,I,S,R,I,R
PDT001830513.1,SAMN36726687,GCA_032336695.1,R,S,R,R,R,S,S,S,S,R,S,S
PDT001830517.1,SAMN36726683,GCA_032336615.1,R,S,R,R,R,S,S,S,R,S,S,S
PDT001830518.1,SAMN36726682,GCA_032336515.1,S,S,S,S,R,R,R,R,S,R,I,S
PDT001830521.1,SAMN36726679,GCA_032336425.1,S,S,S,S,R,R,S,R,S,R,S,R
PDT001830525.1,SAMN36726675,GCA_032336395.1,R,S,R,S,R,S,S,S,S,S,S,S
PDT001830526.1,SAMN36726621,GCA_032336355.1,S,S,I,S,S,S,S,S,S,R,S,S
PDT001830528.1,SAMN36726647,GCA_032336315.1,S,S,S,S,R,R,S,R,S,R,S,R
PDT001830530.1,SAMN36726645,GCA_032336275.1,S,S,S,R,R,S,S,I,S,R,S,R
PDT001830531.1,SAMN36726618,GCA_032336245.1,S,S,S,S,R,S,S,S,S,R,S,S
PDT001830533.1,SAMN36726643,GCA_032336225.1,S,S,S,S,R,R,S,R,S,S,S,S
PDT001830534.1,SAMN36726642,GCA_032336195.1,R,S,R,R,R,S,S,S,S,R,S,S
PDT001830536.1,SAMN36726638,GCA_032336075.1,S,S,S,S,R,R,S,R,S,R,S,R
PDT001830541.1,SAMN36726633,GCA_032335875.1,R,R,I,R,R,R,S,R,R,R,R,R
PDT001830550.1,SAMN36726616,GCA_032335895.1,S,S,S,R,R,R,S,R,S,R,S,S
PDT001830551.1,SAMN36726615,GCA_032335495.1,I,S,S,S,S,S,S,S,S,S,S,S
PDT001830552.1,SAMN36726674,GCA_032335475.1,S,S,S,S,S,S,S,S,S,S,S,S
PDT001830557.1,SAMN36726669,GCA_032335335.1,S,S,S,R,R,S,S,S,S,R,S,S
PDT001830558.1,SAMN36726667,GCA_032335275.1,S,S,S,S,R,I,S,I,S,S,S,R
PDT001830561.1,SAMN36726620,GCA_032335175.1,S,S,S,S,R,R,S,R,S,R,S,R
PDT001830564.1,SAMN36726662,GCA_032335355.1,S,S,S,S,R,R,S,R,S,R,S,R
PDT001830569.1,SAMN36726657,GCA_032335115.1,I,S,S,S,R,R,R,R,S,S,I,R
PDT001830570.1,SAMN36726655,GCA_032334975.1,S,S,S,S,R,I,S,I,S,S,S,S
PDT001830577.1,SAMN36726649,GCA_032334935.1,S,S,S,R,R,R,S,R,S,S,S,R
PDT001830619.1,SAMN36727272,GCA_032334195.1,I,S,R,R,R,R,S,R,S,R,R,R
PDT001830620.1,SAMN36727325,GCA_032334215.1,S,S,S,S,R,R,S,R,S,R,S,R
PDT001830621.1,SAMN36727324,GCA_032334075.1,R,S,R,S,R,S,S,I,R,R,S,R
PDT001830626.1,SAMN36727319,GCA_032334015.1,I,R,R,R,R,R,S,I,R,S,S,S
PDT001830628.1,SAMN36727317,GCA_032334035.1,S,S,S,S,R,R,S,R,S,R,S,R
PDT001830631.1,SAMN36727315,GCA_032333975.1,R,S,R,R,R,R,R,R,R,R,R,S
PDT001830632.1,SAMN36727314,GCA_032333955.1,S,R,S,R,R,R,S,R,S,R,S,R
PDT001830634.1,SAMN36727312,GCA_032333915.1,S,S,S,S,R,R,S,R,S,R,S,R
PDT001830639.1,SAMN36727307,GCA_032333895.1,S,R,S,S,R,S,S,S,S,S,S,S
PDT001830641.1,SAMN36727270,GCA_032333855.1,S,S,S,S,R,R,S,R,S,R,S,R
PDT001830643.1,SAMN36727304,GCA_032333815.1,S,S,S,R,R,R,S,R,S,R,S,R
PDT001830644.1,SAMN36727303,GCA_032333835.1,S,S,S,S,R,I,S,I,S,S,S,S
PDT001830647.1,SAMN36727340,GCA_032333795.1,R,R,S,R,R,R,S,R,R,S,R,R
PDT001830651.1,SAMN36727336,GCA_032333735.1,S,S,S,R,R,I,S,I,S,S,S,R
PDT001830653.1,SAMN36727335,GCA_032333715.1,S,S,S,I,R,I,S,I,S,R,S,R
PDT001830658.1,SAMN36727330,GCA_032333615.1,I,S,I,S,R,R,R,R,S,R,I,R
PDT001830659.1,SAMN36727329,GCA_032333635.1,I,S,R,R,R,R,S,R,S,R,R,R
PDT001830661.1,SAMN36727302,GCA_032333555.1,S,S,S,R,R,R,S,R,S,R,S,R
PDT001830662.1,SAMN36727301,GCA_032333575.1,S,S,S,S,R,S,S,S,S,R,S,S
PDT001830664.1,SAMN36727299,GCA_032333495.1,S,S,S,S,R,S,S,S,S,R,S,R
PDT001830665.1,SAMN36727298,GCA_032333515.1,I,R,R,R,R,R,R,R,S,R,R,R
PDT001830669.1,SAMN36727295,GCA_032333535.1,I,S,S,S,R,R,R,I,S,R,R,R
PDT001830670.2,SAMN36727294,GCA_033200635.1,I,S,R,S,R,R,R,R,S,R,R,S
PDT001830671.1,SAMN36727293,GCA_032333455.1,S,S,S,S,R,R,S,R,S,R,S,R
PDT001830672.1,SAMN36727292,GCA_032333415.1,S,S,S,R,R,R,S,R,S,R,S,S
PDT001830674.1,SAMN36727290,GCA_032333375.1,S,S,S,S,R,R,S,R,S,S,S,S
PDT001830675.1,SAMN36727289,GCA_032333395.1,S,S,S,I,R,R,S,I,S,R,S,S
PDT001830677.1,SAMN36727287,GCA_032333355.1,S,S,S,S,R,S,S,I,S,R,S,R
PDT001830678.1,SAMN36727286,GCA_032333335.1,S,S,I,R,R,S,S,S,S,R,S,R
PDT001830679.1,SAMN36727268,GCA_032333315.1,S,S,S,S,R,I,S,I,S,S,S,S
PDT001830680.1,SAMN36727285,GCA_032333295.1,S,S,S,S,R,R,S,R,S,R,S,R
PDT001830686.1,SAMN36727278,GCA_032333255.1,S,S,S,S,R,I,S,I,S,R,S,R
PDT001830687.1,SAMN36727277,GCA_032333215.1,R,R,R,R,R,R,R,R,R,R,I,R
PDT001830689.1,SAMN36727267,GCA_032333195.1,R,R,S,S,R,S,S,S,R,S,S,S
PDT001830754.1,SAMN36729192,GCA_032332355.1,S,S,S,R,R,R,S,R,S,R,S,R
PDT001830758.1,SAMN36729164,GCA_032332275.1,S,S,S,S,S,R,S,R,S,R,S,S
PDT001830759.1,SAMN36729163,GCA_032332255.1,R,S,R,R,R,S,S,S,R,S,S,S
PDT001830762.1,SAMN36729158,GCA_032332235.1,S,S,S,S,R,R,S,R,S,S,S,S
PDT001830763.1,SAMN36729156,GCA_032332215.1,S,S,S,S,R,R,R,R,S,R,R,R
PDT001830764.1,SAMN36729155,GCA_032332195.1,S,S,R,R,R,R,S,R,S,S,S,S
PDT001830767.1,SAMN36729152,GCA_032332115.1,S,S,S,S,S,S,S,S,S,R,S,S
PDT001830770.1,SAMN36728916,GCA_032332095.1,S,R,I,R,R,R,S,R,S,R,S,R
PDT001830771.1,SAMN36729149,GCA_032332075.1,S,R,S,R,R,R,S,R,S,R,S,R
PDT001830775.2,SAMN36729145,GCA_031776455.1,R,S,S,R,R,R,R,R,S,S,R,R
PDT001830778.1,SAMN36728989,GCA_032331955.1,S,S,S,S,R,S,S,S,S,R,S,R
PDT001830782.1,SAMN36728986,GCA_032331975.1,S,S,S,S,R,I,S,I,S,S,S,S
PDT001830784.1,SAMN36728983,GCA_032331915.1,S,S,S,S,R,R,S,R,S,R,S,R
PDT001830786.1,SAMN36728981,GCA_032331935.1,I,S,R,S,R,S,S,S,S,S,S,S
PDT001830794.1,SAMN36728949,GCA_032331875.1,R,R,R,R,R,R,S,R,S,R,R,R
PDT001830796.1,SAMN36728947,GCA_032331835.1,S,S,S,S,S,R,S,R,S,S,S,S
PDT001830798.1,SAMN36728944,GCA_032331795.1,S,S,S,S,R,R,S,R,S,R,S,R
PDT001830801.1,SAMN36728941,GCA_032331715.1,S,S,S,R,R,R,S,R,S,R,S,R
PDT001830803.1,SAMN36728895,GCA_032331735.1,I,R,S,R,R,R,R,R,S,R,R,R
PDT001830804.1,SAMN36728938,GCA_032331675.1,S,R,I,R,R,R,S,R,R,R,S,R
PDT001830811.1,SAMN36728930,GCA_032331615.1,S,R,S,R,R,I,S,I,S,S,S,S
PDT001830813.1,SAMN36728929,GCA_032331575.1,S,S,S,S,R,R,S,R,S,R,S,R
PDT001830814.1,SAMN36728928,GCA_032331595.1,S,S,S,R,R,R,S,R,S,R,S,R
PDT001830818.2,SAMN36729189,GCA_031776415.1,S,S,S,S,R,I,S,I,S,S,S,S
PDT001830822.2,SAMN36729185,GCA_031776375.1,R,S,R,R,R,S,S,S,S,R,S,R
PDT001830823.1,SAMN36729184,GCA_032331555.1,S,S,S,S,S,S,S,S,S,S,S,S
PDT001830824.1,SAMN36729183,GCA_032331455.1,I,S,S,S,R,R,S,R,R,R,S,S
PDT001830825.2,SAMN36729182,GCA_031776305.1,S,R,S,R,R,R,S,R,S,S,S,S
PDT001830826.1,SAMN36729181,GCA_032331435.1,S,S,S,R,R,R,S,R,S,R,S,R
PDT001830831.1,SAMN36729177,GCA_032331395.1,R,R,R,R,R,R,S,R,I,R,R,R
PDT001830836.1,SAMN36729172,GCA_032331335.1,S,S,S,R,R,S,S,S,S,S,S,S
PDT001830840.1,SAMN36729169,GCA_032331275.1,S,S,S,S,R,I,S,I,S,S,S,R
PDT001830842.1,SAMN36729116,GCA_032331255.1,S,S,S,S,R,R,S,R,S,S,S,S
PDT001830843.1,SAMN36729115,GCA_032331235.1,S,S,S,S,R,R,S,R,S,R,S,R
PDT001830844.1,SAMN36729114,GCA_032331215.1,R,S,R,S,R,I,S,I,S,R,S,R
PDT001830845.3,SAMN36729113,GCA_033200495.1,S,S,S,S,R,R,S,I,S,S,S,S
PDT001830846.1,SAMN36729112,GCA_032331195.1,S,S,S,S,R,S,S,S,S,S,S,S
PDT001830848.1,SAMN36729110,GCA_032331155.1,S,S,I,S,R,R,S,R,S,S,S,R
PDT001830849.1,SAMN36728912,GCA_032331135.1,S,S,S,S,S,R,S,S,S,R,S,S
PDT001830853.1,SAMN36729106,GCA_032331095.1,R,S,R,R,R,S,S,S,S,R,S,S
PDT001830854.1,SAMN36729104,GCA_032331075.1,S,S,S,S,S,S,S,R,S,R,S,S
PDT001830856.1,SAMN36729102,GCA_032331055.1,S,S,S,R,R,S,S,S,S,R,S,S
PDT001830858.1,SAMN36729100,GCA_032330955.1,R,S,R,S,R,S,S,S,S,R,S,S
PDT001830860.1,SAMN36729099,GCA_032330975.1,S,S,S,S,S,S,S,S,S,S,S,S
PDT001830863.1,SAMN36729096,GCA_032331015.1,S,S,S,S,R,R,S,R,S,S,S,S
PDT001830864.1,SAMN36729095,GCA_032330935.1,S,S,S,S,S,S,S,S,S,S,S,S
PDT001830866.1,SAMN36729093,GCA_032330915.1,S,S,S,S,R,R,S,I,S,R,S,R
PDT001830867.1,SAMN36729092,GCA_032330895.1,S,S,S,S,R,I,S,I,S,S,S,S
PDT001830868.1,SAMN36729091,GCA_032330875.1,S,S,S,S,R,S,S,S,S,S,S,S
PDT001830870.1,SAMN36729065,GCA_032330815.1,S,S,S,S,R,I,S,I,S,S,S,S
PDT001830871.1,SAMN36729064,GCA_032330835.1,S,S,S,S,R,S,S,S,S,R,S,S
PDT001830873.1,SAMN36729062,GCA_032330775.1,S,S,S,S,R,S,S,S,S,S,S,S
PDT001830874.2,SAMN36729061,GCA_031776215.1,I,R,R,R,R,R,S,R,S,S,S,R
PDT001830875.1,SAMN36729060,GCA_032330735.1,S,S,S,S,R,R,S,R,S,S,S,S
PDT001830876.1,SAMN36728907,GCA_032330715.1,S,S,S,S,R,S,S,S,S,S,S,S
PDT001830877.1,SAMN36729059,GCA_032330755.1,S,R,S,R,R,S,S,S,S,S,S,S
PDT001830878.1,SAMN36729058,GCA_032330675.1,S,S,S,S,R,S,S,S,S,S,S,R
PDT001830882.1,SAMN36729053,GCA_032330615.1,S,S,S,S,R,R,R,R,S,S,I,S
PDT001830886.1,SAMN36728906,GCA_032330575.1,S,S,S,S,R,R,S,R,S,S,S,S
PDT001830887.1,SAMN36729049,GCA_032330515.1,I,S,S,R,R,S,S,I,S,R,S,R
PDT001830889.1,SAMN36729047,GCA_032330475.1,S,S,S,S,R,R,S,R,S,R,S,R
PDT001830891.2,SAMN36729044,GCA_031776175.1,S,S,S,S,R,R,S,R,S,S,S,S
PDT001830895.1,SAMN36728977,GCA_032330435.1,S,S,S,S,S,S,S,S,S,S,S,R
PDT001830897.1,SAMN36728975,GCA_032330415.1,R,S,R,R,R,S,R,S,R,R,I,R
PDT001830901.1,SAMN36728971,GCA_032330335.1,S,S,S,S,R,R,S,R,S,R,S,S
PDT001830904.1,SAMN36728968,GCA_032330355.1,S,S,S,S,S,R,S,R,S,R,S,S
PDT001830905.1,SAMN36728967,GCA_032330315.1,S,S,S,I,R,R,R,R,S,R,I,R
PDT001830906.2,SAMN36728966,GCA_031776135.1,S,S,S,S,R,R,S,R,S,R,S,R
PDT001830907.1,SAMN36728965,GCA_032330255.1,S,S,S,S,R,S,S,I,S,S,S,S
PDT001830909.2,SAMN36728963,GCA_031776055.1,S,S,S,R,R,S,S,S,S,S,S,S
PDT001830915.1,SAMN36728958,GCA_032330215.1,S,S,S,S,R,R,R,I,S,R,I,R
PDT001830916.1,SAMN36728957,GCA_032330155.1,S,S,S,S,R,S,S,S,S,R,S,R
PDT001830917.1,SAMN36728956,GCA_032330195.1,R,S,R,R,R,R,S,R,S,R,R,S
PDT001830918.1,SAMN36728955,GCA_032330135.1,S,S,S,S,R,R,S,R,S,R,S,R
PDT001830919.1,SAMN36728954,GCA_032330095.1,S,S,S,R,R,R,S,R,S,R,S,R
PDT001830920.3,SAMN36728953,GCA_033200515.1,R,S,S,S,R,R,S,R,R,S,R,R
PDT001830922.1,SAMN36729090,GCA_032330115.1,S,S,R,S,S,S,S,I,R,R,S,S
PDT001830923.2,SAMN36728910,GCA_031776005.1,S,S,S,R,R,S,S,R,S,S,S,R
PDT001830924.1,SAMN36728892,GCA_032330055.1,I,S,S,R,R,I,R,I,S,R,I,R
PDT001830925.1,SAMN36729089,GCA_032330035.1,S,S,S,S,R,R,S,R,S,R,S,R
PDT001830927.1,SAMN36729087,GCA_032329975.1,S,S,S,S,R,R,S,I,S,S,S,R
PDT001830933.1,SAMN36729081,GCA_032329955.1,I,S,S,R,R,R,S,R,S,R,I,R
PDT001830934.1,SAMN36729080,GCA_032329935.1,S,R,S,R,R,R,S,R,S,S,S,R
PDT001830938.1,SAMN36729077,GCA_032329915.1,I,R,S,R,R,R,R,R,S,S,R,R
PDT001830940.1,SAMN36729075,GCA_032330015.1,S,S,S,R,R,R,S,R,S,R,S,R
PDT001830941.1,SAMN36729074,GCA_032329895.1,S,S,S,S,R,S,S,S,S,S,S,R
PDT001830942.1,SAMN36729073,GCA_032329855.1,R,R,R,R,R,R,R,R,S,R,R,R
PDT001830943.1,SAMN36729072,GCA_032329875.1,S,S,S,R,R,R,R,R,S,R,I,R
PDT001830944.1,SAMN36729071,GCA_032329835.1,S,R,S,R,R,R,S,R,S,S,S,S
PDT001830948.3,SAMN36729040,GCA_031775475.1,S,S,S,S,R,R,R,R,S,S,R,R
PDT001830952.1,SAMN36729037,GCA_032329755.1,I,S,S,R,R,R,S,R,S,R,I,R
PDT001830953.1,SAMN36729036,GCA_032329715.1,S,S,S,S,S,S,S,S,S,S,S,S
PDT001830955.1,SAMN36729034,GCA_032329675.1,S,R,S,R,R,R,S,R,S,S,S,R
PDT001830962.1,SAMN36729027,GCA_032329575.1,S,S,S,S,R,R,S,R,S,R,S,R
PDT001830964.2,SAMN36729025,GCA_031775975.1,S,S,S,R,R,R,S,R,S,S,S,S
PDT001830968.1,SAMN36729021,GCA_032329495.1,S,S,R,R,R,R,S,R,S,S,S,R
PDT001830970.1,SAMN36729019,GCA_032329395.1,S,S,S,S,R,R,S,R,S,S,S,S
PDT001830975.1,SAMN36729140,GCA_032329435.1,R,S,R,R,R,I,S,I,S,S,S,R
PDT001830976.1,SAMN36728915,GCA_032329415.1,S,S,S,S,R,S,S,S,S,S,S,S
PDT001830979.1,SAMN36729137,GCA_032329295.1,S,S,S,S,R,R,S,R,S,S,S,R
PDT001830980.1,SAMN36729136,GCA_032329335.1,S,S,S,S,S,S,S,S,S,S,S,S
PDT001830982.2,SAMN36729132,GCA_031775935.1,S,S,S,S,R,S,S,S,S,R,S,S
PDT001830983.1,SAMN36729131,GCA_032329275.1,S,S,S,R,R,R,S,R,S,R,S,S
PDT001830987.1,SAMN36729127,GCA_032329375.1,S,S,S,S,R,R,S,R,S,R,S,R
PDT001830989.1,SAMN36729125,GCA_032329255.1,S,S,S,R,R,R,S,R,S,R,S,R
PDT001830991.1,SAMN36729122,GCA_032329215.1,S,S,S,S,R,S,S,S,S,R,S,S
PDT001830992.1,SAMN36729121,GCA_032329175.1,S,S,S,S,R,R,S,R,S,R,S,R
PDT001830994.1,SAMN36729119,GCA_032329155.1,R,S,R,R,R,R,S,R,S,S,S,S
PDT001830995.1,SAMN36729118,GCA_032329135.1,S,S,S,S,S,S,S,S,S,S,S,S
PDT001830999.2,SAMN36729013,GCA_031775895.1,R,S,R,R,R,R,R,R,R,R,R,S
PDT001831001.1,SAMN36729011,GCA_032329055.1,S,S,I,R,R,R,S,R,S,R,S,S
PDT001831002.1,SAMN36729010,GCA_032329035.1,R,S,R,R,R,R,R,R,S,R,I,R
PDT001831005.1,SAMN36729008,GCA_032329015.1,I,S,S,R,R,R,R,R,S,S,I,R
PDT001831013.1,SAMN36729000,GCA_032328935.1,S,S,S,S,R,R,S,R,S,S,S,S
PDT001831014.1,SAMN36728901,GCA_032328895.1,I,S,R,R,R,R,R,R,S,R,R,R
PDT001831019.1,SAMN36728995,GCA_032328835.1,S,S,S,S,S,R,R,S,S,S,S,R
PDT001831020.1,SAMN36728994,GCA_032328795.1,S,S,S,S,S,S,S,S,S,S,S,R
PDT001831022.1,SAMN36728992,GCA_032328775.1,S,S,S,R,R,S,S,I,S,S,S,S
PDT001831023.2,SAMN36728991,GCA_031775865.1,I,S,S,R,R,R,S,R,S,R,S,S
PDT001831025.1,SAMN36728891,GCA_032328735.1,S,S,S,S,R,R,S,R,S,R,S,R
PDT001831026.1,SAMN36728890,GCA_032328745.1,S,S,S,S,R,R,S,R,S,R,S,R
PDT001831029.1,SAMN36729213,GCA_032328635.1,S,S,S,S,S,S,S,S,S,R,S,S
PDT001831033.2,SAMN36729202,GCA_031775775.1,S,S,S,R,R,R,R,I,S,R,I,R
PDT001831034.2,SAMN36729201,GCA_031775735.1,R,S,R,R,R,S,S,S,S,S,S,S
PDT001831036.1,SAMN36729199,GCA_032328495.1,S,S,S,R,R,R,S,R,S,S,S,R
PDT001831037.2,SAMN36729197,GCA_031775675.1,S,S,S,S,S,S,S,S,S,S,S,S
PDT001831038.1,SAMN36729196,GCA_032328505.1,S,S,S,S,R,I,S,I,S,S,S,S
PDT001831057.1,SAMN36729162,GCA_032328175.1,S,S,S,S,R,S,S,S,S,S,S,S
PDT001831063.1,SAMN36728914,GCA_032328155.1,S,S,S,S,R,R,S,R,S,S,S,S
PDT001831064.1,SAMN36729120,GCA_032328135.1,S,S,S,S,R,I,S,I,S,S,S,S
PDT001831069.1,SAMN36729209,GCA_032328115.1,S,S,S,S,S,R,R,R,S,S,I,S
PDT001831070.1,SAMN36729208,GCA_032328095.1,I,S,S,R,R,I,S,I,S,S,S,S
PDT001831073.1,SAMN36728921,GCA_032328055.1,S,S,S,R,R,R,S,I,S,R,S,R
PDT001845606.1,SAMN36892918,GCA_031835315.1,R,S,R,R,R,S,S,S,R,R,S,S
PDT001845634.1,SAMN36892891,GCA_031835205.1,R,S,R,R,R,R,R,R,S,R,I,R
PDT001845645.1,SAMN36892881,GCA_031835125.1,R,S,R,R,R,R,R,R,S,R,I,R
PDT001845661.2,SAMN36892847,GCA_031766855.1,R,S,S,S,R,R,S,R,R,R,R,R
PDT001903535.1,SAMN37516952,GCA_032124735.1,S,S,S,S,R,S,S,S,S,R,S,S
PDT001903542.1,SAMN37516945,GCA_032123195.1,S,S,S,I,R,R,S,R,S,R,S,R
PDT001903544.1,SAMN37516943,GCA_032123155.1,S,S,S,S,R,R,S,R,S,S,S,R
PDT001903545.1,SAMN37516880,GCA_032123075.1,S,S,S,S,R,R,S,R,S,R,S,S
PDT001903547.1,SAMN37516941,GCA_032123115.1,S,S,S,S,R,R,S,R,S,R,S,R
PDT001903550.1,SAMN37516938,GCA_032123055.1,S,S,S,S,R,R,S,R,S,R,S,S
PDT001903552.1,SAMN37516936,GCA_032122895.1,S,R,S,R,R,R,R,R,R,S,R,R
PDT001903555.1,SAMN37516933,GCA_032122675.1,S,S,S,R,R,R,S,R,S,R,S,S
PDT001903556.1,SAMN37516879,GCA_032122695.1,S,R,S,R,R,R,S,I,S,S,S,S
PDT001903562.1,SAMN37516927,GCA_032182105.1,S,S,S,S,R,S,S,I,S,R,S,R
PDT001903563.1,SAMN37516926,GCA_032182125.1,S,S,S,R,R,S,S,I,S,R,S,R
PDT001903565.1,SAMN37516924,GCA_032182045.1,I,S,S,S,R,R,R,R,S,R,R,S
PDT001903566.1,SAMN37516923,GCA_032182065.1,I,S,R,S,R,R,R,R,S,R,R,S
PDT001903567.1,SAMN37516878,GCA_032122055.1,S,S,S,S,R,R,R,R,S,S,I,R
PDT001903570.1,SAMN37516920,GCA_032121955.1,S,S,S,S,R,S,S,S,S,S,S,S
PDT001903573.1,SAMN37516917,GCA_032121815.1,S,R,S,R,R,I,S,I,S,S,S,S
PDT001903577.1,SAMN37516877,GCA_032121675.1,S,S,S,R,R,R,R,R,S,R,I,R
PDT001903586.1,SAMN37516876,GCA_032121315.1,I,S,S,S,R,R,R,R,S,R,R,R
PDT001903587.1,SAMN37516902,GCA_032121275.1,S,S,S,S,R,S,S,I,S,S,S,S
PDT001903592.1,SAMN37516897,GCA_032121125.1,S,R,I,R,R,R,S,R,S,S,S,S
PDT001903593.1,SAMN37516895,GCA_032121115.1,S,S,S,S,R,R,R,I,S,R,I,R
PDT001903595.1,SAMN37516893,GCA_032120615.1,S,S,S,S,R,R,S,R,S,S,S,S
PDT001903598.1,SAMN37516890,GCA_032120495.1,S,S,S,S,R,I,S,I,S,S,S,R
PDT001903599.1,SAMN37516889,GCA_032120475.1,I,S,R,R,R,R,S,R,S,S,R,S
PDT001903601.1,SAMN37516887,GCA_032120375.1,I,S,S,S,R,R,S,R,S,R,R,R
PDT001903602.1,SAMN37516886,GCA_032120315.1,S,S,S,S,R,S,S,S,S,S,S,S
PDT001903605.1,SAMN37516873,GCA_032120155.1,S,S,S,S,R,R,S,R,S,R,S,R
PDT001986206.2,SAMN38228875,GCA_034514735.1,S,S,S,R,R,I,S,I,S,S,S,S
PDT001986210.2,SAMN38228870,GCA_034515745.1,S,S,S,S,R,R,S,R,S,S,S,R
PDT001986222.2,SAMN38228858,GCA_034515725.1,R,S,R,R,R,R,S,R,S,R,R,R
PDT001986224.2,SAMN38228857,GCA_034515625.1,R,S,S,S,S,S,R,S,S,I,R,S
PDT001986225.2,SAMN38228856,GCA_034516625.1,S,R,S,R,R,R,S,R,S,R,S,S
PDT001986233.1,SAMN38228846,GCA_033726735.1,S,S,S,S,R,R,S,R,S,R,S,S
PDT001986244.1,SAMN38228833,GCA_033726615.1,S,S,S,S,R,R,R,R,S,S,I,R
PDT001986248.1,SAMN38228829,GCA_033726535.1,R,S,R,R,R,S,S,S,S,R,S,S
PDT001986249.1,SAMN38228828,GCA_033726555.1,S,S,S,R,R,S,S,S,S,S,S,S
PDT001986250.2,SAMN38228810,GCA_034514775.1,S,S,S,S,R,R,S,R,S,S,S,R
PDT002035944.2,SAMN38228863,GCA_034515765.1,I,S,S,S,R,R,R,R,S,R,R,S
PDT002035965.1,SAMN38228878,GCA_034516655.1,S,S,S,S,R,S,S,I,S,R,S,S
